,11,14,20,2022,22,24,26,269,2⁰,51,60,abandonarei,abre,absoluta,acabo,academia,acampamento,aglomerações,agora,agulhas,alexandre,amigos,amém,anda,anos,análise,ao,aos,apenas,apoiou,apontou,aqui,armadas,atenção,através,até,auditoria,aí,babaca,baque,baratas,batalhão,be,bem,bloqueado,boa,bolsonaro,bolsonaro22,bolsonaroreeleito,brasil,brasileira,brasileiro,breve,brincadeira,cabeça,cadeia,candidato,caro,chora,coligação,com,comando,comidas,como,concentrar,condenou,confia,confira,confirma,consta,consórcio,continua,continuar,contra,coragem,corajosos,costa,covardes,custou,da,das,de,dedos,defesa,deixe,dele,democracia,denúncia,depois,derrotado,desde,desistir,desmoralizados,despertar,desta,determinar,deus,deve,devo,dia,diante,dignidade,dinheiro,diplomado,discurso,diz,do,dois,dos,dá,educado,ela,ele,eleito,eleitorais,eleição,em,enquanto,equipe,erro,esperava,esquerda,esses,estamos,está,evento,fala,falar,falha,falta,faltou,família,fazer,fio,firmes,foi,fone,forte,forças,fraude,frente,frustrada,fundo,general,geralmente,glória,golpe,golpista,grave,guerrear,história,hoje,homem,honradez,https,há,impedir,indios,infantaria,infâmia,isso,jair,jogo,juntos,justiça,já,kkkkkk,kkkkkkk,lealdade,leve,lugar,lula,luta,lute,lá,mais,mamando,mesmo,messias,milhões,ministério,moraes,moro,morto,mourão,multa,multidão,multou,mundo,na,nada,narrativa,natal,nação,negras,nem,nenhum,neto,neymar,no,noite,nome,nos,nunca,não,nós,número,oferecemos,onde,onu,os,ou,pagar,palanque,para,parem,partido,partidário,paz,pela,perseguido,pesquisa,pessoas,pl,pode,pois,políticos,por,povo,pra,precisava,presidente,pretende,preço,primeiro,prisão,pronunciou,protocolaram,protocolo,providências,provou,pátria,público,qual,quantas,quantos,quartel,quartéis,quase,que,quebrou,quer,queremos,reais,recebeu,reeleito,remuneradas,renato_rovai,respeita,responde,resultados,saber,saem,safados,saiu,salve,santos,se,segue,segundo,seja,sem,sentiu,ser,seu,site,sobre,somos,sos,sosforcasarmadas,sozinho,sua,sumiço,sábado,sádico,são,só,t2m3r3zre4e,tac,tal,tals,também,tem,tema,tentar,tentativa,teve,tic,toda,todos,tome,traidor,traidores,transição,transparência,tse,turno,têm,um,uma,urgente,urnas,usar,vai,valdemar,valha,vamos,veio,veja,vempraruabrasil,vende,vicente,vinte,vocês,voltas,voltou,voluntários,votar,votos,votou,vídeo,xandão,youtu,índios,Cluster
0,,,0.2817858340273836,,,,,,,,,,,,,,,,,,,,,,0.2375732626380514,,,,,,,,,,,,,,,,,,,,,,,,,,,,,,,,,,,,,,,,,,,,,0.2817858340273836,,,,,,,,,,,,0.149148119859387,,,,,,,,,,,,,,,,,,,,,,,,,,,,,,,0.2559231377041672,,,,,,,,,,,,,,,,,,,,,,,,,,,,,,,,,,,,,,,,,,,0.2817858340273836,,,,,,,,,,,,,,,,0.2233399937606122,,,,0.2375732626380514,,,,,,,,0.2817858340273836,,,,,,,,,,,,,,,,0.1416352986022865,,,,,,,,,,,,,,,0.1181798788171503,,,,,,,,,,,,,,,,,,,,,,,,,,,,,,,,,,,0.1416352986022865,,,,,,,,,,,,,,,,,,,,,,,,,,0.2817858340273836,,,,,,,,,,,,,,,,,,,,,,,,,,,,,,,,,,,,,,,,,,,,,,,,,,0.2817858340273836,,0.2817858340273836,,0.2817858340273836,,,,,negative
1,,,,,,,,,,,,,,,,,,,,,,,0.4107735642178856,,,,,,,,,,,,,,,,,,,,,0.3463226467488804,,,0.1420180720979857,,,,,,,,,,,,,,,,,,,,,,,,,,,,,,,,,,,,,,0.4107735642178856,,,,,,,,,,,,,,,,,,,,,,,,,,,,,,,,,,,,,,,,,,,,,,,,,,,,,0.4107735642178856,,,,,,,,,,,,,,,,,,,,,,,,0.2117837514478397,,,,,,,,,,,,,,,,,0.2117837514478397,,,,,,,,,,,,,,,,,,,,,,,,,,,,,,,,,,,,,,,,,,,,,,,,,,,,,,,,,,,,,,,,,,,,,,,,,,,,,0.4107735642178856,,,,,,,,,,,,,,,,,,,0.3086212768924383,,,,,,,,,,,,,,,,,,,,,,,,,,,,,,,,,,,,,,,,,,,,,,,,,,,,,,,,,,,,negative
2,,,,,,,,,,,,,,,,,,,,,,,,,,,,0.1657569375692405,0.1505435349700062,,,,,,,,,,,,,,,,,,0.057307681800972,,,,,,,,,,,,,,,,,,,,,,,,,,,,0.1657569375692405,0.1657569375692405,,0.1657569375692405,,,,,,,,,,,,,,,,,,,,,,,,0.1657569375692405,,,,,,,0.10179331027093,,,,0.1505435349700062,,,,,,,,,,,,0.1657569375692405,,,,,0.1657569375692405,,,,,,,,,,,,,,,0.1657569375692405,0.1657569375692405,,,,,0.1505435349700062,,,0.1657569375692405,,,,,,0.1657569375692405,,,,,,,,,,,0.1657569375692405,,,,,,,,,,,,,,,,,,,0.1397494540459739,0.1657569375692405,,,,,,0.1657569375692405,,,,,,0.1657569375692405,,0.1053694308992475,0.1505435349700062,,,,,,,,,,,,,,,,,,,,,,0.1187521842131325,,,,,,0.1657569375692405,,,,,,,,,,,,0.1657569375692405,,,0.1657569375692405,0.0833151653242386,,,,,,,,,,,,,,,,,,0.1245360514467396,,,,,,,0.1245360514467396,,,,,,,0.1657569375692405,,,,,0.1245360514467396,,,,,,0.1313769144225142,,,,,,,,,0.1657569375692405,0.1657569375692405,,,,,0.1657569375692405,0.1397494540459739,,,,,,,0.1657569375692405,,,,,0.1657569375692405,,,,,,,,,,,,,,negative
3,,0.1887824589501638,,,0.0903862233003236,,,0.1887824589501638,,,,,,,,,,,,,,,,,,,,,0.1714557419282439,,,,,,,,,,,,0.1887824589501638,,,,,,0.0652683697332537,,,,,,,,,,,,,,,,,,,,,,,,,,,,,,,,,,0.1352482114487264,0.0999218037770934,,,,,,,,,,,,,,,,,,,,,0.1887824589501638,,,,0.1418355235372205,,,,,,,,,,,0.1887824589501638,0.1887824589501638,,,,,,,,,,,,,,,0.1887824589501638,,,,,,,,,,,,,,,,,0.1714557419282439,,,,,,,,,,,,,,,,,,,,,0.1496266600823705,,,,0.1591622405591403,0.1887824589501638,,,,,,,,,,,,,,,,,,,,,,,0.0948885881242772,,,,,,,,,,,,,,,,,,,,,,,0.1714557419282439,,,,,,,,,0.1496266600823705,,,,,,,,,,,0.1887824589501638,,,,,,,,,,,,,,0.1887824589501638,,,,,,,,,,,,0.1887824589501638,,,,,,,,,,,,,,,,,0.1714557419282439,,,,,,,,,,,0.1887824589501638,,0.1887824589501638,,,,,0.1887824589501638,,,,,,0.1714557419282439,,,,,,,,,,,,,,,,,0.1887824589501638,,,,,,,,negative
4,0.1028341256588161,,,,0.0828299511602433,,0.1571220724962946,,,,,,0.1730002790668289,,,0.1730002790668289,,,,0.1730002790668289,,,,,,,,,,,,,,0.1730002790668289,,,,,,,,,,,,,0.0598119456695426,,,,,,,,0.1730002790668289,,,,,,0.1371178979977217,,,,,,,,,,,,,,,,,,,0.1028341256588161,,,,,,,,,0.1571220724962946,,,,,,,,,,,,,,,,,,0.1299780990775554,,0.1062415325853313,,,,,,,,,,,,,,,,,0.1730002790668289,0.1730002790668289,,,,,,,,,,,,,,,,,0.1730002790668289,,,,,,,,0.1571220724962946,,,,,,,,,,,0.1730002790668289,,,,,,,,,,,,0.1730002790668289,,,,,,,,,,0.1730002790668289,,,,,,,,,,0.1730002790668289,,,,,0.0869559190882819,,,,,0.1099739245789825,,,,0.1730002790668289,,,,,0.1730002790668289,,,,,,,,,,,,,,,0.0828299511602433,,,,,,0.1730002790668289,,,,,,,,,,,,,,,,,,,,,,,,,0.1730002790668289,,,,,,,,,,,,,,,,,,,,,,,,,,,,,,,,,,,,,,,,,,,,,,,,,,,,,,0.0940957180084482,,,,,0.1730002790668289,,,,,,,,,,,,0.1730002790668289,,,,negative
5,,,,,,,,,,,,,,,,,0.2117454539217422,,,,,,,,,,,,,,,,,,,,,,0.2117454539217422,,,,,0.178522311139583,,,0.0732074402079289,,,,,,,,,,,,,,,,0.2117454539217422,,,,,,,,,,,,,,,,,,,0.1120760255752646,,,,,,,,,0.2117454539217422,,,,,,,,,,,,,,,,,,,,0.2117454539217422,,,,,,,,,,,,,,,,,0.2117454539217422,,,,,,,,,0.2117454539217422,,,,,,,,,,,,,,,,,,,,,,,,,,,,,,,,,,,,,,,,,,,,,,,,,,,,,,,,,,,0.2117454539217422,,,,,,,,,0.1346037052953925,0.1923111612380743,,0.2117454539217422,,,,,,,,,,,0.2117454539217422,,,,0.1923111612380743,,,,,,,,0.2117454539217422,,,,,,,,,,,,,,,,,,,0.1064305829900881,,,,,,,,,,,,,,,,,,,,,0.2117454539217422,,,,,,,0.2117454539217422,,,,,,,,,,,,,,,0.1678268480775517,,,,,,,0.1678268480775517,,,,,,,,,,,,,,,,,,,,,,,,,,,,,,,,,,,negative
6,,,,,,,,,,,,,,,,,,,,,,0.1828525612752246,,,,,,,,,,,0.1828525612752246,,,,,0.1828525612752246,,,,,,,,,0.0749831651907995,,,,0.1828525612752246,0.1090121709355237,,,,,,,,,,0.1828525612752246,,,,,0.1828525612752246,,,,,,,,,,,,,,,,,,,,,,,,,,,,,,0.1063578230065294,,,,,,,,,,,,,,,,,,,,0.1179629702427019,,,,,,,0.1828525612752246,,,,,,,,,,,,,,,0.1828525612752246,,,,,,,,,,,,,,,,,,,,,,0.1828525612752246,,,0.1828525612752246,,,,,,,,,,0.1828525612752246,,,,,,,,,,,,,,,,,,,,0.1718976682849145,,,,,,0.1090121709355237,,,,,,,,,,,,,,,,,,,,,,,,,,,,0.1553790759944951,0.1038396567954662,,,0.1718976682849145,,,,,,,,,,,,,,,,,,,,,,,,,,,,,,,,,,0.1828525612752246,,,,,,,,,0.1629468689777362,,,,0.1828525612752246,,,,,,,,,,,,,,,,,,,,,,,,,,,,,,,,,,,,,,,,,,,,,0.1828525612752246,,,,,,,,,,,negative
7,,,,,,,,,,,,,,,,,,,,,,0.1828525612752246,,,,,,,,,,,0.1828525612752246,,,,,0.1828525612752246,,,,,,,,,0.0749831651907995,,,,0.1828525612752246,0.1090121709355237,,,,,,,,,,0.1828525612752246,,,,,0.1828525612752246,,,,,,,,,,,,,,,,,,,,,,,,,,,,,,0.1063578230065294,,,,,,,,,,,,,,,,,,,,0.1179629702427019,,,,,,,0.1828525612752246,,,,,,,,,,,,,,,0.1828525612752246,,,,,,,,,,,,,,,,,,,,,,0.1828525612752246,,,0.1828525612752246,,,,,,,,,,0.1828525612752246,,,,,,,,,,,,,,,,,,,,0.1718976682849145,,,,,,0.1090121709355237,,,,,,,,,,,,,,,,,,,,,,,,,,,,0.1553790759944951,0.1038396567954662,,,0.1718976682849145,,,,,,,,,,,,,,,,,,,,,,,,,,,,,,,,,,0.1828525612752246,,,,,,,,,0.1629468689777362,,,,0.1828525612752246,,,,,,,,,,,,,,,,,,,,,,,,,,,,,,,,,,,,,,,,,,,,,0.1828525612752246,,,,,,,,,,,negative
8,,,,,,,,,,,,,,,,,,,,,,0.1828525612752246,,,,,,,,,,,0.1828525612752246,,,,,0.1828525612752246,,,,,,,,,0.0749831651907995,,,,0.1828525612752246,0.1090121709355237,,,,,,,,,,0.1828525612752246,,,,,0.1828525612752246,,,,,,,,,,,,,,,,,,,,,,,,,,,,,,0.1063578230065294,,,,,,,,,,,,,,,,,,,,0.1179629702427019,,,,,,,0.1828525612752246,,,,,,,,,,,,,,,0.1828525612752246,,,,,,,,,,,,,,,,,,,,,,0.1828525612752246,,,0.1828525612752246,,,,,,,,,,0.1828525612752246,,,,,,,,,,,,,,,,,,,,0.1718976682849145,,,,,,0.1090121709355237,,,,,,,,,,,,,,,,,,,,,,,,,,,,0.1553790759944951,0.1038396567954662,,,0.1718976682849145,,,,,,,,,,,,,,,,,,,,,,,,,,,,,,,,,,0.1828525612752246,,,,,,,,,0.1629468689777362,,,,0.1828525612752246,,,,,,,,,,,,,,,,,,,,,,,,,,,,,,,,,,,,,,,,,,,,,0.1828525612752246,,,,,,,,,,,negative
9,,,,,,,,,,0.1795362353070415,,,,,,,,,,,0.1566783763007355,,,,,,,,,,,,,,,,,,,0.1795362353070415,,,,,,,0.0683443858732975,,0.1795362353070415,,,,,,,,,,0.1795362353070415,,0.1566783763007355,,,,,,,,,,0.1795362353070415,,,,,,,,,,0.1416222894750139,0.1046309926601127,,0.1795362353070415,,,,,,,,,,,,,,0.1795362353070415,,,,,,,0.1795362353070415,,,,,,,,,,,,0.1075188908938824,,,,,,,,,,,,,,,,,,,0.1566783763007355,,,,,,,,,,,0.1666633566870036,,,,,,,,,,,,,,,,,,,,,,,,,,,,,,,0.1566783763007355,,,,0.1566783763007355,,,,,,,,,,,,,,,,,,0.099360567886743,,,,,0.12566219428729,,,,,,,,,,,,,,,,,,,,,0.1795362353070415,,,,,,,,,,,,,,,,,,,,,,,,0.099360567886743,,0.1795362353070415,0.1795362353070415,,,,,,,,,,,,0.1795362353070415,,,0.148520053293596,,0.1795362353070415,,,0.1795362353070415,,,,,,,,,,,,,,,,,,0.1795362353070415,0.1666633566870036,,,,,,,,0.1566783763007355,,,,,0.1795362353070415,0.1795362353070415,0.1795362353070415,,,,,0.1566783763007355,,,,,,,,,,,,,,,,,,,,,,,negative
10,,,,,,,,,,0.1795362353070415,,,,,,,,,,,0.1566783763007355,,,,,,,,,,,,,,,,,,,0.1795362353070415,,,,,,,0.0683443858732975,,0.1795362353070415,,,,,,,,,,0.1795362353070415,,0.1566783763007355,,,,,,,,,,0.1795362353070415,,,,,,,,,,0.1416222894750139,0.1046309926601127,,0.1795362353070415,,,,,,,,,,,,,,0.1795362353070415,,,,,,,0.1795362353070415,,,,,,,,,,,,0.1075188908938824,,,,,,,,,,,,,,,,,,,0.1566783763007355,,,,,,,,,,,0.1666633566870036,,,,,,,,,,,,,,,,,,,,,,,,,,,,,,,0.1566783763007355,,,,0.1566783763007355,,,,,,,,,,,,,,,,,,0.099360567886743,,,,,0.12566219428729,,,,,,,,,,,,,,,,,,,,,0.1795362353070415,,,,,,,,,,,,,,,,,,,,,,,,0.099360567886743,,0.1795362353070415,0.1795362353070415,,,,,,,,,,,,0.1795362353070415,,,0.148520053293596,,0.1795362353070415,,,0.1795362353070415,,,,,,,,,,,,,,,,,,0.1795362353070415,0.1666633566870036,,,,,,,,0.1566783763007355,,,,,0.1795362353070415,0.1795362353070415,0.1795362353070415,,,,,0.1566783763007355,,,,,,,,,,,,,,,,,,,,,,,negative
11,,,,,,,,,,,,,,,,,,,,,,,,,,,,,,,,,,,,0.4395628238011053,,,,,,,,,,,0.255665204202458,,,,,,,,,,,,,,,,,,,,,,,,,,,,,,,,,,,,,,,,,,,,,,,,,,,,,,,,,,,,,,,,,,,,,,,,,,,,,,,,,,,,,,,,,,,,,,,,,,,,,,,,,,,,,,,,,,,,,,,,,,,,,,,,,,,,,,,,,,,,0.4395628238011053,,,,,,,,,,,,,,,,,,,,,,,,,,,,,,,,,,,,,,,,,,,,,,,,,,,,0.4395628238011053,,,,,,,,,,,,0.4395628238011053,,,,,,,,,,,,,,,,,,,,,,,,,,,,,,,,,,,,,,,,,,,,,,,,,,,,,,,,,,,,,,,0.4022106401975331,,,,,,,,,,,,,,,,,,,,,neutral
12,,,,,,,,,,,,,,,,,,,,,,,,,,,,,,,,,,,,0.4395628238011053,,,,,,,,,,,0.255665204202458,,,,,,,,,,,,,,,,,,,,,,,,,,,,,,,,,,,,,,,,,,,,,,,,,,,,,,,,,,,,,,,,,,,,,,,,,,,,,,,,,,,,,,,,,,,,,,,,,,,,,,,,,,,,,,,,,,,,,,,,,,,,,,,,,,,,,,,,,,,,0.4395628238011053,,,,,,,,,,,,,,,,,,,,,,,,,,,,,,,,,,,,,,,,,,,,,,,,,,,,0.4395628238011053,,,,,,,,,,,,0.4395628238011053,,,,,,,,,,,,,,,,,,,,,,,,,,,,,,,,,,,,,,,,,,,,,,,,,,,,,,,,,,,,,,,0.4022106401975331,,,,,,,,,,,,,,,,,,,,,neutral
13,,,,,,,,,,,,,,,,,,,,,,,,,,,,,,,,,,,,0.4395628238011053,,,,,,,,,,,0.255665204202458,,,,,,,,,,,,,,,,,,,,,,,,,,,,,,,,,,,,,,,,,,,,,,,,,,,,,,,,,,,,,,,,,,,,,,,,,,,,,,,,,,,,,,,,,,,,,,,,,,,,,,,,,,,,,,,,,,,,,,,,,,,,,,,,,,,,,,,,,,,,0.4395628238011053,,,,,,,,,,,,,,,,,,,,,,,,,,,,,,,,,,,,,,,,,,,,,,,,,,,,0.4395628238011053,,,,,,,,,,,,0.4395628238011053,,,,,,,,,,,,,,,,,,,,,,,,,,,,,,,,,,,,,,,,,,,,,,,,,,,,,,,,,,,,,,,0.4022106401975331,,,,,,,,,,,,,,,,,,,,,neutral
14,,,,,,,,,,,,,,,,,,,,,,,,,,,,,,,,,,,,0.4395628238011053,,,,,,,,,,,0.255665204202458,,,,,,,,,,,,,,,,,,,,,,,,,,,,,,,,,,,,,,,,,,,,,,,,,,,,,,,,,,,,,,,,,,,,,,,,,,,,,,,,,,,,,,,,,,,,,,,,,,,,,,,,,,,,,,,,,,,,,,,,,,,,,,,,,,,,,,,,,,,,0.4395628238011053,,,,,,,,,,,,,,,,,,,,,,,,,,,,,,,,,,,,,,,,,,,,,,,,,,,,0.4395628238011053,,,,,,,,,,,,0.4395628238011053,,,,,,,,,,,,,,,,,,,,,,,,,,,,,,,,,,,,,,,,,,,,,,,,,,,,,,,,,,,,,,,0.4022106401975331,,,,,,,,,,,,,,,,,,,,,neutral
15,,,,,,,,,,,,,,,,,,,,,,,,,,,,,,,,,,,,0.4395628238011053,,,,,,,,,,,0.255665204202458,,,,,,,,,,,,,,,,,,,,,,,,,,,,,,,,,,,,,,,,,,,,,,,,,,,,,,,,,,,,,,,,,,,,,,,,,,,,,,,,,,,,,,,,,,,,,,,,,,,,,,,,,,,,,,,,,,,,,,,,,,,,,,,,,,,,,,,,,,,,0.4395628238011053,,,,,,,,,,,,,,,,,,,,,,,,,,,,,,,,,,,,,,,,,,,,,,,,,,,,0.4395628238011053,,,,,,,,,,,,0.4395628238011053,,,,,,,,,,,,,,,,,,,,,,,,,,,,,,,,,,,,,,,,,,,,,,,,,,,,,,,,,,,,,,,0.4022106401975331,,,,,,,,,,,,,,,,,,,,,neutral
16,,,,,,,,,,,,,,,,,,,,,,,,,,,,,,,,,,,,0.4395628238011053,,,,,,,,,,,0.255665204202458,,,,,,,,,,,,,,,,,,,,,,,,,,,,,,,,,,,,,,,,,,,,,,,,,,,,,,,,,,,,,,,,,,,,,,,,,,,,,,,,,,,,,,,,,,,,,,,,,,,,,,,,,,,,,,,,,,,,,,,,,,,,,,,,,,,,,,,,,,,,0.4395628238011053,,,,,,,,,,,,,,,,,,,,,,,,,,,,,,,,,,,,,,,,,,,,,,,,,,,,0.4395628238011053,,,,,,,,,,,,0.4395628238011053,,,,,,,,,,,,,,,,,,,,,,,,,,,,,,,,,,,,,,,,,,,,,,,,,,,,,,,,,,,,,,,0.4022106401975331,,,,,,,,,,,,,,,,,,,,,neutral
17,,,,,,,,,,,,,,,,,,,,,,,,,,,,,,,,,,,,0.4395628238011053,,,,,,,,,,,0.255665204202458,,,,,,,,,,,,,,,,,,,,,,,,,,,,,,,,,,,,,,,,,,,,,,,,,,,,,,,,,,,,,,,,,,,,,,,,,,,,,,,,,,,,,,,,,,,,,,,,,,,,,,,,,,,,,,,,,,,,,,,,,,,,,,,,,,,,,,,,,,,,0.4395628238011053,,,,,,,,,,,,,,,,,,,,,,,,,,,,,,,,,,,,,,,,,,,,,,,,,,,,0.4395628238011053,,,,,,,,,,,,0.4395628238011053,,,,,,,,,,,,,,,,,,,,,,,,,,,,,,,,,,,,,,,,,,,,,,,,,,,,,,,,,,,,,,,0.4022106401975331,,,,,,,,,,,,,,,,,,,,,neutral
18,,,,,,,,,,,,,,,,,,,,,,,,,,,,,,,,,,,,0.4395628238011053,,,,,,,,,,,0.255665204202458,,,,,,,,,,,,,,,,,,,,,,,,,,,,,,,,,,,,,,,,,,,,,,,,,,,,,,,,,,,,,,,,,,,,,,,,,,,,,,,,,,,,,,,,,,,,,,,,,,,,,,,,,,,,,,,,,,,,,,,,,,,,,,,,,,,,,,,,,,,,0.4395628238011053,,,,,,,,,,,,,,,,,,,,,,,,,,,,,,,,,,,,,,,,,,,,,,,,,,,,0.4395628238011053,,,,,,,,,,,,0.4395628238011053,,,,,,,,,,,,,,,,,,,,,,,,,,,,,,,,,,,,,,,,,,,,,,,,,,,,,,,,,,,,,,,0.4022106401975331,,,,,,,,,,,,,,,,,,,,,neutral
19,,,,,,,,,,,,,,,,,,,,,,,,,,,,,,,,,,,,0.4395628238011053,,,,,,,,,,,0.255665204202458,,,,,,,,,,,,,,,,,,,,,,,,,,,,,,,,,,,,,,,,,,,,,,,,,,,,,,,,,,,,,,,,,,,,,,,,,,,,,,,,,,,,,,,,,,,,,,,,,,,,,,,,,,,,,,,,,,,,,,,,,,,,,,,,,,,,,,,,,,,,0.4395628238011053,,,,,,,,,,,,,,,,,,,,,,,,,,,,,,,,,,,,,,,,,,,,,,,,,,,,0.4395628238011053,,,,,,,,,,,,0.4395628238011053,,,,,,,,,,,,,,,,,,,,,,,,,,,,,,,,,,,,,,,,,,,,,,,,,,,,,,,,,,,,,,,0.4022106401975331,,,,,,,,,,,,,,,,,,,,,neutral
20,,,,,,,,,,,,,,,,,,,,,,,,,,,,,,,,,,,,0.4395628238011053,,,,,,,,,,,0.255665204202458,,,,,,,,,,,,,,,,,,,,,,,,,,,,,,,,,,,,,,,,,,,,,,,,,,,,,,,,,,,,,,,,,,,,,,,,,,,,,,,,,,,,,,,,,,,,,,,,,,,,,,,,,,,,,,,,,,,,,,,,,,,,,,,,,,,,,,,,,,,,0.4395628238011053,,,,,,,,,,,,,,,,,,,,,,,,,,,,,,,,,,,,,,,,,,,,,,,,,,,,0.4395628238011053,,,,,,,,,,,,0.4395628238011053,,,,,,,,,,,,,,,,,,,,,,,,,,,,,,,,,,,,,,,,,,,,,,,,,,,,,,,,,,,,,,,0.4022106401975331,,,,,,,,,,,,,,,,,,,,,neutral
21,,,,,,,,,,,,,,,,,,,,,,,,,,,,,,,,,,,,0.4395628238011053,,,,,,,,,,,0.255665204202458,,,,,,,,,,,,,,,,,,,,,,,,,,,,,,,,,,,,,,,,,,,,,,,,,,,,,,,,,,,,,,,,,,,,,,,,,,,,,,,,,,,,,,,,,,,,,,,,,,,,,,,,,,,,,,,,,,,,,,,,,,,,,,,,,,,,,,,,,,,,0.4395628238011053,,,,,,,,,,,,,,,,,,,,,,,,,,,,,,,,,,,,,,,,,,,,,,,,,,,,0.4395628238011053,,,,,,,,,,,,0.4395628238011053,,,,,,,,,,,,,,,,,,,,,,,,,,,,,,,,,,,,,,,,,,,,,,,,,,,,,,,,,,,,,,,0.4022106401975331,,,,,,,,,,,,,,,,,,,,,neutral
22,,,,,,,,,,,,0.269381922400925,,0.269381922400925,,,,,,,,,,,,,,,,,,,,,,,,,,,,,,,,,,0.269381922400925,,,,0.2489417493582179,,,,,,,,,,,,,,,,,,,,,,,,,,,,,,,,,,,,,,,,,,,,,0.2428802425450015,,0.269381922400925,,,,,,,,,,,,,,,,,,,,,,,,,,,,,,,,,0.269381922400925,,,,,,,,,,,,,,,,,,,,,,,,,,,,,,0.2553498115220111,,,,,,,0.269381922400925,,,,,,,,,,0.2553498115220111,,,,,,,,,,,,,,,,,,,,,,,,,0.2621464722261374,,,,,,,,,,,0.2077159158911016,,,,,,,,,,,,,,0.237129722246423,,,,,,,,,,,,,0.269381922400925,,0.269381922400925,,,,,,,,,,,,,,,,,,,,,,,,,,,,,,,,,,,,,,,,,,,,,,,,,,,,,,,,,,,,,,,,,,,,,,,,,,,,,,,,,,,,,,,,,,,positive
23,,,,,,,,,,,,0.269381922400925,,0.269381922400925,,,,,,,,,,,,,,,,,,,,,,,,,,,,,,,,,,0.269381922400925,,,,0.2489417493582179,,,,,,,,,,,,,,,,,,,,,,,,,,,,,,,,,,,,,,,,,,,,,0.2428802425450015,,0.269381922400925,,,,,,,,,,,,,,,,,,,,,,,,,,,,,,,,,0.269381922400925,,,,,,,,,,,,,,,,,,,,,,,,,,,,,,0.2553498115220111,,,,,,,0.269381922400925,,,,,,,,,,0.2553498115220111,,,,,,,,,,,,,,,,,,,,,,,,,0.2621464722261374,,,,,,,,,,,0.2077159158911016,,,,,,,,,,,,,,0.237129722246423,,,,,,,,,,,,,0.269381922400925,,0.269381922400925,,,,,,,,,,,,,,,,,,,,,,,,,,,,,,,,,,,,,,,,,,,,,,,,,,,,,,,,,,,,,,,,,,,,,,,,,,,,,,,,,,,,,,,,,,,positive
24,,,,,,,,,,,,0.269381922400925,,0.269381922400925,,,,,,,,,,,,,,,,,,,,,,,,,,,,,,,,,,0.269381922400925,,,,0.2489417493582179,,,,,,,,,,,,,,,,,,,,,,,,,,,,,,,,,,,,,,,,,,,,,0.2428802425450015,,0.269381922400925,,,,,,,,,,,,,,,,,,,,,,,,,,,,,,,,,0.269381922400925,,,,,,,,,,,,,,,,,,,,,,,,,,,,,,0.2553498115220111,,,,,,,0.269381922400925,,,,,,,,,,0.2553498115220111,,,,,,,,,,,,,,,,,,,,,,,,,0.2621464722261374,,,,,,,,,,,0.2077159158911016,,,,,,,,,,,,,,0.237129722246423,,,,,,,,,,,,,0.269381922400925,,0.269381922400925,,,,,,,,,,,,,,,,,,,,,,,,,,,,,,,,,,,,,,,,,,,,,,,,,,,,,,,,,,,,,,,,,,,,,,,,,,,,,,,,,,,,,,,,,,,positive
25,,,,,,,,,,,,0.269381922400925,,0.269381922400925,,,,,,,,,,,,,,,,,,,,,,,,,,,,,,,,,,0.269381922400925,,,,0.2489417493582179,,,,,,,,,,,,,,,,,,,,,,,,,,,,,,,,,,,,,,,,,,,,,0.2428802425450015,,0.269381922400925,,,,,,,,,,,,,,,,,,,,,,,,,,,,,,,,,0.269381922400925,,,,,,,,,,,,,,,,,,,,,,,,,,,,,,0.2553498115220111,,,,,,,0.269381922400925,,,,,,,,,,0.2553498115220111,,,,,,,,,,,,,,,,,,,,,,,,,0.2621464722261374,,,,,,,,,,,0.2077159158911016,,,,,,,,,,,,,,0.237129722246423,,,,,,,,,,,,,0.269381922400925,,0.269381922400925,,,,,,,,,,,,,,,,,,,,,,,,,,,,,,,,,,,,,,,,,,,,,,,,,,,,,,,,,,,,,,,,,,,,,,,,,,,,,,,,,,,,,,,,,,,positive
26,,,,,,,,,,,,0.269381922400925,,0.269381922400925,,,,,,,,,,,,,,,,,,,,,,,,,,,,,,,,,,0.269381922400925,,,,0.2489417493582179,,,,,,,,,,,,,,,,,,,,,,,,,,,,,,,,,,,,,,,,,,,,,0.2428802425450015,,0.269381922400925,,,,,,,,,,,,,,,,,,,,,,,,,,,,,,,,,0.269381922400925,,,,,,,,,,,,,,,,,,,,,,,,,,,,,,0.2553498115220111,,,,,,,0.269381922400925,,,,,,,,,,0.2553498115220111,,,,,,,,,,,,,,,,,,,,,,,,,0.2621464722261374,,,,,,,,,,,0.2077159158911016,,,,,,,,,,,,,,0.237129722246423,,,,,,,,,,,,,0.269381922400925,,0.269381922400925,,,,,,,,,,,,,,,,,,,,,,,,,,,,,,,,,,,,,,,,,,,,,,,,,,,,,,,,,,,,,,,,,,,,,,,,,,,,,,,,,,,,,,,,,,,positive
27,,,,,,,,,,,,0.269381922400925,,0.269381922400925,,,,,,,,,,,,,,,,,,,,,,,,,,,,,,,,,,0.269381922400925,,,,0.2489417493582179,,,,,,,,,,,,,,,,,,,,,,,,,,,,,,,,,,,,,,,,,,,,,0.2428802425450015,,0.269381922400925,,,,,,,,,,,,,,,,,,,,,,,,,,,,,,,,,0.269381922400925,,,,,,,,,,,,,,,,,,,,,,,,,,,,,,0.2553498115220111,,,,,,,0.269381922400925,,,,,,,,,,0.2553498115220111,,,,,,,,,,,,,,,,,,,,,,,,,0.2621464722261374,,,,,,,,,,,0.2077159158911016,,,,,,,,,,,,,,0.237129722246423,,,,,,,,,,,,,0.269381922400925,,0.269381922400925,,,,,,,,,,,,,,,,,,,,,,,,,,,,,,,,,,,,,,,,,,,,,,,,,,,,,,,,,,,,,,,,,,,,,,,,,,,,,,,,,,,,,,,,,,,positive
28,,,,,,,,,,,,0.269381922400925,,0.269381922400925,,,,,,,,,,,,,,,,,,,,,,,,,,,,,,,,,,0.269381922400925,,,,0.2489417493582179,,,,,,,,,,,,,,,,,,,,,,,,,,,,,,,,,,,,,,,,,,,,,0.2428802425450015,,0.269381922400925,,,,,,,,,,,,,,,,,,,,,,,,,,,,,,,,,0.269381922400925,,,,,,,,,,,,,,,,,,,,,,,,,,,,,,0.2553498115220111,,,,,,,0.269381922400925,,,,,,,,,,0.2553498115220111,,,,,,,,,,,,,,,,,,,,,,,,,0.2621464722261374,,,,,,,,,,,0.2077159158911016,,,,,,,,,,,,,,0.237129722246423,,,,,,,,,,,,,0.269381922400925,,0.269381922400925,,,,,,,,,,,,,,,,,,,,,,,,,,,,,,,,,,,,,,,,,,,,,,,,,,,,,,,,,,,,,,,,,,,,,,,,,,,,,,,,,,,,,,,,,,,positive
29,,,,,,,,,,,,0.269381922400925,,0.269381922400925,,,,,,,,,,,,,,,,,,,,,,,,,,,,,,,,,,0.269381922400925,,,,0.2489417493582179,,,,,,,,,,,,,,,,,,,,,,,,,,,,,,,,,,,,,,,,,,,,,0.2428802425450015,,0.269381922400925,,,,,,,,,,,,,,,,,,,,,,,,,,,,,,,,,0.269381922400925,,,,,,,,,,,,,,,,,,,,,,,,,,,,,,0.2553498115220111,,,,,,,0.269381922400925,,,,,,,,,,0.2553498115220111,,,,,,,,,,,,,,,,,,,,,,,,,0.2621464722261374,,,,,,,,,,,0.2077159158911016,,,,,,,,,,,,,,0.237129722246423,,,,,,,,,,,,,0.269381922400925,,0.269381922400925,,,,,,,,,,,,,,,,,,,,,,,,,,,,,,,,,,,,,,,,,,,,,,,,,,,,,,,,,,,,,,,,,,,,,,,,,,,,,,,,,,,,,,,,,,,positive
30,,,,,,,,,,,,0.269381922400925,,0.269381922400925,,,,,,,,,,,,,,,,,,,,,,,,,,,,,,,,,,0.269381922400925,,,,0.2489417493582179,,,,,,,,,,,,,,,,,,,,,,,,,,,,,,,,,,,,,,,,,,,,,0.2428802425450015,,0.269381922400925,,,,,,,,,,,,,,,,,,,,,,,,,,,,,,,,,0.269381922400925,,,,,,,,,,,,,,,,,,,,,,,,,,,,,,0.2553498115220111,,,,,,,0.269381922400925,,,,,,,,,,0.2553498115220111,,,,,,,,,,,,,,,,,,,,,,,,,0.2621464722261374,,,,,,,,,,,0.2077159158911016,,,,,,,,,,,,,,0.237129722246423,,,,,,,,,,,,,0.269381922400925,,0.269381922400925,,,,,,,,,,,,,,,,,,,,,,,,,,,,,,,,,,,,,,,,,,,,,,,,,,,,,,,,,,,,,,,,,,,,,,,,,,,,,,,,,,,,,,,,,,,positive
31,,,,,,,,,,,,0.269381922400925,,0.269381922400925,,,,,,,,,,,,,,,,,,,,,,,,,,,,,,,,,,0.269381922400925,,,,0.2489417493582179,,,,,,,,,,,,,,,,,,,,,,,,,,,,,,,,,,,,,,,,,,,,,0.2428802425450015,,0.269381922400925,,,,,,,,,,,,,,,,,,,,,,,,,,,,,,,,,0.269381922400925,,,,,,,,,,,,,,,,,,,,,,,,,,,,,,0.2553498115220111,,,,,,,0.269381922400925,,,,,,,,,,0.2553498115220111,,,,,,,,,,,,,,,,,,,,,,,,,0.2621464722261374,,,,,,,,,,,0.2077159158911016,,,,,,,,,,,,,,0.237129722246423,,,,,,,,,,,,,0.269381922400925,,0.269381922400925,,,,,,,,,,,,,,,,,,,,,,,,,,,,,,,,,,,,,,,,,,,,,,,,,,,,,,,,,,,,,,,,,,,,,,,,,,,,,,,,,,,,,,,,,,,positive
32,,,,,,,,,,,,0.269381922400925,,0.269381922400925,,,,,,,,,,,,,,,,,,,,,,,,,,,,,,,,,,0.269381922400925,,,,0.2489417493582179,,,,,,,,,,,,,,,,,,,,,,,,,,,,,,,,,,,,,,,,,,,,,0.2428802425450015,,0.269381922400925,,,,,,,,,,,,,,,,,,,,,,,,,,,,,,,,,0.269381922400925,,,,,,,,,,,,,,,,,,,,,,,,,,,,,,0.2553498115220111,,,,,,,0.269381922400925,,,,,,,,,,0.2553498115220111,,,,,,,,,,,,,,,,,,,,,,,,,0.2621464722261374,,,,,,,,,,,0.2077159158911016,,,,,,,,,,,,,,0.237129722246423,,,,,,,,,,,,,0.269381922400925,,0.269381922400925,,,,,,,,,,,,,,,,,,,,,,,,,,,,,,,,,,,,,,,,,,,,,,,,,,,,,,,,,,,,,,,,,,,,,,,,,,,,,,,,,,,,,,,,,,,positive
33,,,,,,,,,,,,0.269381922400925,,0.269381922400925,,,,,,,,,,,,,,,,,,,,,,,,,,,,,,,,,,0.269381922400925,,,,0.2489417493582179,,,,,,,,,,,,,,,,,,,,,,,,,,,,,,,,,,,,,,,,,,,,,0.2428802425450015,,0.269381922400925,,,,,,,,,,,,,,,,,,,,,,,,,,,,,,,,,0.269381922400925,,,,,,,,,,,,,,,,,,,,,,,,,,,,,,0.2553498115220111,,,,,,,0.269381922400925,,,,,,,,,,0.2553498115220111,,,,,,,,,,,,,,,,,,,,,,,,,0.2621464722261374,,,,,,,,,,,0.2077159158911016,,,,,,,,,,,,,,0.237129722246423,,,,,,,,,,,,,0.269381922400925,,0.269381922400925,,,,,,,,,,,,,,,,,,,,,,,,,,,,,,,,,,,,,,,,,,,,,,,,,,,,,,,,,,,,,,,,,,,,,,,,,,,,,,,,,,,,,,,,,,,positive
34,,,,,,,,,,,,0.269381922400925,,0.269381922400925,,,,,,,,,,,,,,,,,,,,,,,,,,,,,,,,,,0.269381922400925,,,,0.2489417493582179,,,,,,,,,,,,,,,,,,,,,,,,,,,,,,,,,,,,,,,,,,,,,0.2428802425450015,,0.269381922400925,,,,,,,,,,,,,,,,,,,,,,,,,,,,,,,,,0.269381922400925,,,,,,,,,,,,,,,,,,,,,,,,,,,,,,0.2553498115220111,,,,,,,0.269381922400925,,,,,,,,,,0.2553498115220111,,,,,,,,,,,,,,,,,,,,,,,,,0.2621464722261374,,,,,,,,,,,0.2077159158911016,,,,,,,,,,,,,,0.237129722246423,,,,,,,,,,,,,0.269381922400925,,0.269381922400925,,,,,,,,,,,,,,,,,,,,,,,,,,,,,,,,,,,,,,,,,,,,,,,,,,,,,,,,,,,,,,,,,,,,,,,,,,,,,,,,,,,,,,,,,,,positive
35,,,,,,,,,,,,0.269381922400925,,0.269381922400925,,,,,,,,,,,,,,,,,,,,,,,,,,,,,,,,,,0.269381922400925,,,,0.2489417493582179,,,,,,,,,,,,,,,,,,,,,,,,,,,,,,,,,,,,,,,,,,,,,0.2428802425450015,,0.269381922400925,,,,,,,,,,,,,,,,,,,,,,,,,,,,,,,,,0.269381922400925,,,,,,,,,,,,,,,,,,,,,,,,,,,,,,0.2553498115220111,,,,,,,0.269381922400925,,,,,,,,,,0.2553498115220111,,,,,,,,,,,,,,,,,,,,,,,,,0.2621464722261374,,,,,,,,,,,0.2077159158911016,,,,,,,,,,,,,,0.237129722246423,,,,,,,,,,,,,0.269381922400925,,0.269381922400925,,,,,,,,,,,,,,,,,,,,,,,,,,,,,,,,,,,,,,,,,,,,,,,,,,,,,,,,,,,,,,,,,,,,,,,,,,,,,,,,,,,,,,,,,,,positive
36,,,,,0.0705082651462578,,,,,,,,,,,,,,,,0.1167204009286113,,,,0.1241588933451559,,,,,,,,,,,,,,,,,,,,,,0.0509143910518912,,,,,,,,,,,,,,,,,,,0.1337487779808771,,,,,,,,,,,,,,,,0.0779467575628024,0.1337487779808771,,,,,,,,,,,,,,,,,,,,,,,,0.1106427100897004,,,0.1337487779808771,,,,,,,,,,,,,,,,,,,,,,,,,,0.1167204009286113,,,,,,,,,,,,0.1337487779808771,,,,,,,,,,,,,,,,,,0.1337487779808771,,,,,,0.1167204009286114,,,,,,0.1167204009286113,,0.1055040957038172,,0.1167204009286113,0.1337487779808771,,,,,,0.1337487779808771,,,,,,,,,,,,,,,,,,0.1337487779808771,,,,,,0.1167204009286113,,,,0.124158893345156,,,,0.1337487779808771,,,,,,,0.1055040957038172,,,,,,,,0.1337487779808771,,,,,0.1337487779808771,,,,,,,,,0.074020458943068,,,,,,,,,,,,,,,,,,,,,,,,,,,,,,,,,,,,,0.1106427100897004,,,,,,0.1167204009286113,,,,,,,,,,,,,,,,,,,,,,,,,,,,,,,,0.1337487779808771,,,,,,,,,,negative
37,,,,,0.0705082651462578,,,,,,,,,,,,,,,,0.1167204009286113,,,,0.1241588933451559,,,,,,,,,,,,,,,,,,,,,,0.0509143910518912,,,,,,,,,,,,,,,,,,,0.1337487779808771,,,,,,,,,,,,,,,,0.0779467575628024,0.1337487779808771,,,,,,,,,,,,,,,,,,,,,,,,0.1106427100897004,,,0.1337487779808771,,,,,,,,,,,,,,,,,,,,,,,,,,0.1167204009286113,,,,,,,,,,,,0.1337487779808771,,,,,,,,,,,,,,,,,,0.1337487779808771,,,,,,0.1167204009286114,,,,,,0.1167204009286113,,0.1055040957038172,,0.1167204009286113,0.1337487779808771,,,,,,0.1337487779808771,,,,,,,,,,,,,,,,,,0.1337487779808771,,,,,,0.1167204009286113,,,,0.124158893345156,,,,0.1337487779808771,,,,,,,0.1055040957038172,,,,,,,,0.1337487779808771,,,,,0.1337487779808771,,,,,,,,,0.074020458943068,,,,,,,,,,,,,,,,,,,,,,,,,,,,,,,,,,,,,0.1106427100897004,,,,,,0.1167204009286113,,,,,,,,,,,,,,,,,,,,,,,,,,,,,,,,0.1337487779808771,,,,,,,,,,negative
38,0.1921260765365816,,,,0.1547520673140464,,,,,,,,,,,,,,,,,,,,,,,,,,,,,,,,,,,,,,,,,,0.1117472860092649,,,,,,,,,,,,,,,,,,,,,,,,,,,,,,,,,0.1921260765365816,,,,,,,,,,,,,,,,,,,,,,,,,,,,,0.1984921706688636,,,,,,,,0.1758000177862732,,,,,,,,,,,,,,,,,,,,,,,,,,,,,,,,,,,,,,,,,0.2217914965641267,,,,,,,0.2217914965641267,,,,,,,,,,,,,,,,0.2217914965641267,,,,,,,,,,,,,,,,,,,0.1624606565090367,,,,,,,,,,0.2217914965641267,,,,,0.13555646712551,,,,,,,,,,,,,,,,,,,,,,,0.2217914965641267,,0.2217914965641267,,,,,,,,,,0.1624606565090367,,,,,,,,,,,,,,,,,,,,,,,,,,,0.2131740270088084,,,,,,0.2217914965641267,,,,,,,,,,,,,,,,,,0.2217914965641267,,,,,,,,,,,,,,,,,,,,,,,,,,,,0.2217914965641267,,,,,0.2217914965641267,negative
39,0.1921260765365816,,,,0.1547520673140464,,,,,,,,,,,,,,,,,,,,,,,,,,,,,,,,,,,,,,,,,,0.1117472860092649,,,,,,,,,,,,,,,,,,,,,,,,,,,,,,,,,0.1921260765365816,,,,,,,,,,,,,,,,,,,,,,,,,,,,,0.1984921706688636,,,,,,,,0.1758000177862732,,,,,,,,,,,,,,,,,,,,,,,,,,,,,,,,,,,,,,,,,0.2217914965641267,,,,,,,0.2217914965641267,,,,,,,,,,,,,,,,0.2217914965641267,,,,,,,,,,,,,,,,,,,0.1624606565090367,,,,,,,,,,0.2217914965641267,,,,,0.13555646712551,,,,,,,,,,,,,,,,,,,,,,,0.2217914965641267,,0.2217914965641267,,,,,,,,,,0.1624606565090367,,,,,,,,,,,,,,,,,,,,,,,,,,,0.2131740270088084,,,,,,0.2217914965641267,,,,,,,,,,,,,,,,,,0.2217914965641267,,,,,,,,,,,,,,,,,,,,,,,,,,,,0.2217914965641267,,,,,0.2217914965641267,negative
40,0.1921260765365816,,,,0.1547520673140464,,,,,,,,,,,,,,,,,,,,,,,,,,,,,,,,,,,,,,,,,,0.1117472860092649,,,,,,,,,,,,,,,,,,,,,,,,,,,,,,,,,0.1921260765365816,,,,,,,,,,,,,,,,,,,,,,,,,,,,,0.1984921706688636,,,,,,,,0.1758000177862732,,,,,,,,,,,,,,,,,,,,,,,,,,,,,,,,,,,,,,,,,0.2217914965641267,,,,,,,0.2217914965641267,,,,,,,,,,,,,,,,0.2217914965641267,,,,,,,,,,,,,,,,,,,0.1624606565090367,,,,,,,,,,0.2217914965641267,,,,,0.13555646712551,,,,,,,,,,,,,,,,,,,,,,,0.2217914965641267,,0.2217914965641267,,,,,,,,,,0.1624606565090367,,,,,,,,,,,,,,,,,,,,,,,,,,,0.2131740270088084,,,,,,0.2217914965641267,,,,,,,,,,,,,,,,,,0.2217914965641267,,,,,,,,,,,,,,,,,,,,,,,,,,,,0.2217914965641267,,,,,0.2217914965641267,negative
41,0.1921260765365816,,,,0.1547520673140464,,,,,,,,,,,,,,,,,,,,,,,,,,,,,,,,,,,,,,,,,,0.1117472860092649,,,,,,,,,,,,,,,,,,,,,,,,,,,,,,,,,0.1921260765365816,,,,,,,,,,,,,,,,,,,,,,,,,,,,,0.1984921706688636,,,,,,,,0.1758000177862732,,,,,,,,,,,,,,,,,,,,,,,,,,,,,,,,,,,,,,,,,0.2217914965641267,,,,,,,0.2217914965641267,,,,,,,,,,,,,,,,0.2217914965641267,,,,,,,,,,,,,,,,,,,0.1624606565090367,,,,,,,,,,0.2217914965641267,,,,,0.13555646712551,,,,,,,,,,,,,,,,,,,,,,,0.2217914965641267,,0.2217914965641267,,,,,,,,,,0.1624606565090367,,,,,,,,,,,,,,,,,,,,,,,,,,,0.2131740270088084,,,,,,0.2217914965641267,,,,,,,,,,,,,,,,,,0.2217914965641267,,,,,,,,,,,,,,,,,,,,,,,,,,,,0.2217914965641267,,,,,0.2217914965641267,negative
42,0.1921260765365816,,,,0.1547520673140464,,,,,,,,,,,,,,,,,,,,,,,,,,,,,,,,,,,,,,,,,,0.1117472860092649,,,,,,,,,,,,,,,,,,,,,,,,,,,,,,,,,0.1921260765365816,,,,,,,,,,,,,,,,,,,,,,,,,,,,,0.1984921706688636,,,,,,,,0.1758000177862732,,,,,,,,,,,,,,,,,,,,,,,,,,,,,,,,,,,,,,,,,0.2217914965641267,,,,,,,0.2217914965641267,,,,,,,,,,,,,,,,0.2217914965641267,,,,,,,,,,,,,,,,,,,0.1624606565090367,,,,,,,,,,0.2217914965641267,,,,,0.13555646712551,,,,,,,,,,,,,,,,,,,,,,,0.2217914965641267,,0.2217914965641267,,,,,,,,,,0.1624606565090367,,,,,,,,,,,,,,,,,,,,,,,,,,,0.2131740270088084,,,,,,0.2217914965641267,,,,,,,,,,,,,,,,,,0.2217914965641267,,,,,,,,,,,,,,,,,,,,,,,,,,,,0.2217914965641267,,,,,0.2217914965641267,negative
43,0.1921260765365816,,,,0.1547520673140464,,,,,,,,,,,,,,,,,,,,,,,,,,,,,,,,,,,,,,,,,,0.1117472860092649,,,,,,,,,,,,,,,,,,,,,,,,,,,,,,,,,0.1921260765365816,,,,,,,,,,,,,,,,,,,,,,,,,,,,,0.1984921706688636,,,,,,,,0.1758000177862732,,,,,,,,,,,,,,,,,,,,,,,,,,,,,,,,,,,,,,,,,0.2217914965641267,,,,,,,0.2217914965641267,,,,,,,,,,,,,,,,0.2217914965641267,,,,,,,,,,,,,,,,,,,0.1624606565090367,,,,,,,,,,0.2217914965641267,,,,,0.13555646712551,,,,,,,,,,,,,,,,,,,,,,,0.2217914965641267,,0.2217914965641267,,,,,,,,,,0.1624606565090367,,,,,,,,,,,,,,,,,,,,,,,,,,,0.2131740270088084,,,,,,0.2217914965641267,,,,,,,,,,,,,,,,,,0.2217914965641267,,,,,,,,,,,,,,,,,,,,,,,,,,,,0.2217914965641267,,,,,0.2217914965641267,negative
44,0.1921260765365816,,,,0.1547520673140464,,,,,,,,,,,,,,,,,,,,,,,,,,,,,,,,,,,,,,,,,,0.1117472860092649,,,,,,,,,,,,,,,,,,,,,,,,,,,,,,,,,0.1921260765365816,,,,,,,,,,,,,,,,,,,,,,,,,,,,,0.1984921706688636,,,,,,,,0.1758000177862732,,,,,,,,,,,,,,,,,,,,,,,,,,,,,,,,,,,,,,,,,0.2217914965641267,,,,,,,0.2217914965641267,,,,,,,,,,,,,,,,0.2217914965641267,,,,,,,,,,,,,,,,,,,0.1624606565090367,,,,,,,,,,0.2217914965641267,,,,,0.13555646712551,,,,,,,,,,,,,,,,,,,,,,,0.2217914965641267,,0.2217914965641267,,,,,,,,,,0.1624606565090367,,,,,,,,,,,,,,,,,,,,,,,,,,,0.2131740270088084,,,,,,0.2217914965641267,,,,,,,,,,,,,,,,,,0.2217914965641267,,,,,,,,,,,,,,,,,,,,,,,,,,,,0.2217914965641267,,,,,0.2217914965641267,negative
45,,,,,0.201341774039624,,,,,,,,,,,,,,,,,,,,,,,,,,,,,,,,,,,,,,,,,,0.1453899595638968,,,,,,,,,,,,,,,,,,,,,,,,,,,,,,,,,,,0.2225829612425808,,,,,,,,,,,,,,,,,,,,,,,,,,,,,,,,0.420526423217114,,,,,,,0.420526423217114,,,,,,,,,,,,,,,,,,,,,,,,,,,,,,,,,,,,,,,,,,,,,,,,,,,,,,,,,,,0.3012750597875158,,,,,,0.381929922377772,,,,,,,,,,,,,,,,,,,,,,,,,,,,,,,,,,,,,,,,,,,,,,,,,,,,,,,,,,,,,,,,,,,,,0.420526423217114,,,,,,,,,,,,,,,,,,,,,,,,,,,,,,,,,,,,,,,,,,,,,,,,,,,,,,,,,,,,,,,,,,,,,,,,,,,,,,,,negative
46,,,,,,,,,,,,,,,,,,,,,,,,,,,,,,,,,,,,,,,,,,,,,,0.7071067811865475,,,,,,,,,,,,,,,,,,,,,,,,,,,,,,,,,,,,,,,,,,,,,,,,,,,,,,,,,,,,,,,,,,,,,,,,,,,,,,,,,,,,,,,,,,,,,,,,,,,,,,,,,,,,,,,,,,,,,,,,,,,,,,,,,,,,,,,,,,,,,,,,,,,,,,,,,,,0.7071067811865475,,,,,,,,,,,,,,,,,,,,,,,,,,,,,,,,,,,,,,,,,,,,,,,,,,,,,,,,,,,,,,,,,,,,,,,,,,,,,,,,,,,,,,,,,,,,,,,,,,,,,,,,,,,,,,,,,,,,,,,,,,,,,,,,,,,,,,negative
47,0.1769506542791458,,,0.2976882661784534,0.1425286981127572,,,,,,,,,,,,,,,,,,,,,,0.2509805820764116,,,,,0.2976882661784534,,,,,,,,,,,,,,,,,,,,,,,,,,,,,,,,,,,,,,,,,0.2976882661784534,,,,,,,,,0.1575652138723282,,,,,,,,,,,,,,,,,,,,,,,,,,,,,,,,,,,,,,,,,,,,,,,,,,,,,0.2976882661784534,,,,,,0.2509805820764116,,,,,,,,,,,,,,,,,,,,,,,,,,,,,,,,,,,,,,,,,,,,,,,,,,,,0.2976882661784534,,,,,,,,,,,,,,,,,,,,,,,,,,,,,,,,,,,,,,,,,,,,,,,,,,,,,,0.2976882661784534,,,,,,,,,,,,,,,,,,,,,,,,,,,,,,,,,0.2976882661784534,,,,,,,,,,,,,,,,,,,,,,,,,,,,,,,,,,,,,0.2976882661784534,,,0.2976882661784534,,,,,,,,,,,,,,,negative
48,,,,,,,,,,,,,,,,,,,,,,,,,,,,,,,,,,,,,,,,,,,,,,,,,,,,,,,,,,,,,,,,,,,,,,,,,,,,,,,,,,0.1520148891254973,,,,,,,,,,0.2872020267985466,,,,,,,,0.2872020267985466,,,,,,,,,,,,,,,,,,,,,,,,,,,,,,,,,,,,,,,,,,,,,,,,,,0.2872020267985466,,,,,,,,,,,,,,,,,,,,,,,0.2872020267985466,,,0.2421396475741968,,,,,,,,,,,,,,0.2421396475741968,,,,,,,,,,,,,,,,,,,,,,,,,,,,,,,,,,,,,,,,,,,,,,,,,,,,,,,,,,,,,,,,,,,,,,,,,,,,,,,,,,0.2872020267985466,,,,,,,,,,,,0.2872020267985466,,,,,,,,0.2421396475741968,,,,,,,,,,,,,,,,,0.2421396475741968,,,,,,,,,,,,,,,,,,,,,,,,,,negative
49,,,,,,,,,,,,,,,,,,,,,,,,,,,,,,,,,,,0.2942653600466184,,,,,,,,,,,,0.1017373140810816,,,,,,,,,,,,,,,,,,,,,,,,,,,,,,,,,0.174916024270581,,0.1557534832870045,,,,0.2942653600466184,,,,,,,,0.2942653600466184,,,0.1443065148911994,,,,,,,,,,,,,,,,,,,,,,,,,,,,,,,,0.2942653600466184,,,,,,,,,,,,,,,,,,,,,,,,0.2942653600466184,,,,,,,,,0.1517152691909003,,,,,,,,,,,,,,,,,0.1517152691909003,,,,,,,,,,,,,,,0.2332311129252486,,,,,,,,0.2942653600466184,,0.1557534832870045,0.1870604873387106,,,,,,,,,,,0.2942653600466184,,,,,,,,,,,,,,,,,,,,,,,,,,,,,,,,,,,,,,,,,,,,,,,,,,,,,,,,,,,,,,,,,,,,,,,,,,,,,,,,,,,,,,,,,,,,,0.2480947344600804,,,,,,,,,0.2942653600466184,,,,,,,,,,,,,,,,,negative
50,,,,,0.1568553772540944,,,,,,,,,,,,,,,,,,,,,,,,,,,,,,,,,,,,,,,,0.3276112524271994,,,,,,,,,,,,,,,,0.2596606579800126,,,,,,,,0.3276112524271994,,,0.3276112524271994,,,,,,,,,,,,,,,,,,,,,,,,,,,,,,,,,,,,,,,,,,,,,,,,,,,,,,,,,,,,,,,,,,,,,,,0.3276112524271994,,,,,,,,,,,,,,,,,,,,,,,,,,,,,,,,,,,,,,,,,,,0.2975426353768126,,,,,,,,,,,,,,,,,,,,,,,,,,,0.2596606579800126,,,,,0.3276112524271994,,,,,,0.2762086120642403,,,,,,,,,,,,,,,,,,,,,,,,,,,,,,,,,,,,,,,,,,,,,,,,,,,,,,,,,0.3276112524271994,,,,,,,,,,,,,,,,,,,,,,,,,,,,,,,,,0.1781894005666667,,,,,,,,,,,,,,,,,,,,,negative
51,,,,,0.0776081205319468,,,,,,0.1620938600326401,,,,,,,,,,,,,,,,,,,,0.1620938600326401,,,,,,0.1620938600326401,,,,,,,0.1366611182370781,,,0.0560412341640995,,,,,,,,,0.1620938600326401,,,,,,,,,,,,,,,,,,,,,,,,0.0963511762005888,0.116127868967011,0.0857956346459542,,,,,,,,,,,,,,0.1620938600326401,,,,,,,,,,,,0.1620938600326401,,,,,,,0.1620938600326401,,0.0881636620865813,,,0.1620938600326401,,,0.1620938600326401,,,,,,,,0.1620938600326401,,,,,,,,,0.1620938600326401,,0.1620938600326401,,,,,0.1366611182370781,,,,,,,,,,,,,,,,,,,,,,,,,,,,,,,,,0.116127868967011,,,,,,,,0.1620938600326401,,,,,,,,,,,,,,,,,0.1030408623275087,,,,,,,,,,0.0679815321511157,,,,,0.1620938600326401,,,,0.1366611182370781,,,,,,,,,,,,,,,,,,,,,,,,,,0.0814739759596614,,,,0.1620938600326401,,,,,,,,,,0.1620938600326401,,,,,,,,,,,,,,,,,,,,,0.1620938600326401,,0.1217839179961507,,,0.1620938600326401,,,,,,0.1620938600326401,,,,,,,,,,,,,,,,0.1284736041230707,,,0.1366611182370781,,,,,,,,0.1620938600326401,,,,,,,,,0.1620938600326401,,,negative
52,,,,,,,,,,,,,,,,,,,,,,,,,,,,,,,,,,,,,,,,,,,,,,,,,,0.5177155211266149,,,,,,,,,,,,,,,,,,,,,,,,,,,,,,,,,,,,,,,,,,,,,,,,,,,,,,,,,,,,,,,,,,,,,,,,,,,,,,,,,,,,,,,,,,,,,,,,,,,,,,,,,,,,,,,,,,,,,0.5700340391974229,,,,,,,,,,,,,,,,,,,,,,,,,,,,,,,,,0.286518808278164,,,,,,,,,,,,,,,,,,,,,,,,,,,0.5700340391974229,,,,,,,,,,,,,,,,,,,,,,,,,,,,,,,,,,,,,,,,,,,,,,,,,,,,,,,,,,,,,,,,,,,,,,,,,,,,,,,,,,,,,,,,,,,,,,,,,,,,,,,,,,,,negative
53,0.1787786584295496,,,,0.1440011032460592,,0.2731590622334403,,0.3007635607475385,,,,,,,,,,,,,,,,,,0.2535733588455932,,,,,,,,,,,,,,,0.3007635607475385,,,,,,,,0.2731590622334403,,,,,,,,,,,,,,,,,,,,,,,,,,,,,,,,0.1591929550417025,,,,,,,,,,,,,,,,,,,,,,,,,,,,,,,,,,,0.1635868066339063,,,,,,,,,,,,,,,,,,,,,,,,0.2535733588455932,,,,,,,,,,,,,,,,,,0.3007635607475385,,,,,,,,,,,0.3007635607475385,,,,,,,,,,,,,,,,,,,,,,,,,,,,,,,,,,,,,,,,,,,,,,,,,,,,,,,,,,,,,,,,,,,,,,,,,,,,,,,,,,,,,,,,,,,,,,,,,0.3007635607475385,,,,,,,,,,,,,,,,,,,0.2731590622334403,,,,,,,,,,,,,,,,,,,,,,,,,,,,,,,,,,,,0.3007635607475385,,,,,,,,,,,,,negative
54,0.1003685482293144,,,,0.0808439989604356,0.168852379907557,,,,,,,,,0.168852379907557,,,0.168852379907557,,,,,,0.168852379907557,,,0.142359217372651,,,,,,,,,,,,,,,,,,,,,,,,,,0.168852379907557,,,,,,,,,,,,0.168852379907557,,,,,,,,,,,,,,,0.1003685482293144,0.1209698321992226,0.0893728923028391,,,,,,,,,,,,,,,,,,,0.168852379907557,,,,,,,,0.1036942582915122,,,0.168852379907557,,,,,,,,,,0.168852379907557,,,,,,,,,,,0.1533548732991263,,,,,,,,0.142359217372651,,,,,,,,,,,0.1533548732991263,,,,,0.168852379907557,,,,,,,,,,,,,,,,,,,,,,,,,,,,,,,,,0.142359217372651,,0.168852379907557,,,,,,,,0.0848710416208839,,,,,,,,,,,,,,,0.0708160290042235,,,,,,,0.168852379907557,,,,,,,0.0808439989604356,,,,0.168852379907557,,,,,,,,,,,,0.168852379907557,,,0.168852379907557,,0.0848710416208839,,,,,,,,,0.168852379907557,,,0.168852379907557,,,,,,0.1268617107642204,,,,,,,,,,,,,,,,,,,,,,,,,,0.168852379907557,0.168852379907557,,,,,0.1338303240302475,,,,,,,,,,0.1533548732991263,,,0.168852379907557,,,,,,,,,,,,,,,,,,,,,,negative
55,,,,,,,,,,,,,,,,,,,,,,,,,,,,,,,,,,,,,,,,,,,,,,,0.0841580208357276,,,,,,,,,,,,,,,,,,,,,,,,,,,,,,,,,,0.1743910847415828,,,,,,,,,,,,,,,,,,,,,,,0.2434189513033476,,,,,,,,,,,,,,,,,,,,,,,,,,,,,,,,,,,,,,,,,,,,,,,,,,,,,,,,,,,,,,,,,,,,,,,,,,,,,,,,,,,,,,,,,,,,,,,,,,,,,0.154738116817652,,,,,,,,,,,,,,,,,,,,0.2434189513033476,,,,,,,,,,,,0.2434189513033476,,,,,,,,,,,,,,,,,,,,,,,,0.2434189513033476,,,,,,,0.1828848643512254,,,,,,0.2434189513033476,,,0.1605435339624789,,,,,,,,,,,,0.2434189513033476,,,,,,,,,0.2434189513033476,,,,,,,,,,,,,,0.1929308733810277,,,,,,,,,,,,,,,,,,,,,,,negative
56,,,,,,,,,,,,,,,,,,,0.5604787174679134,,,,,,,,,,,,,,,,,,,,,,,,,,,,,,,,,,,,,,,,,,,,,,,,,,,,,,,,,,,,,,,,,,,,,,,,,,,,,,,,,,,,,,,,,,,,,,,,,,,,,,,,,,,,,,,,,,,,,,,,,,,,,,,,,,,,,,,,,,,,,,,,,,,,,,,,,,,,,,,,,,,,,,,,,,,,,,,,,,,,,,,,,,,,,,,,,0.5604787174679134,,,,,,,,,,,,,,,,,,,,,,,,,,,,,,,,,,,,,,,,,,,,,,,,,,,,,,,,,,,,,,,,,,,,,,,,,,,,,,,,,,,,,,,,,,,,,,,,,,,,,,0.3048471807853264,,,,,,,,,,,,,,,,,,,,,negative
57,,,,,0.148329971644628,,,,,,,,,,,,,,,,,,,,,,,,,,,,,,,,,,,,,,,,,,,,,,,,,,,,,,,,,,,,,,,,,,,,,,,,,,,,,,,,,,,,0.2813705939900026,,,,,,,,,,,,,,,,,0.3098049211552872,,,,,,,,,,,,,,,,,,,,,,,,,,,0.2813705939900026,,,,,,,,,,,,,,,,,,,,,,,,,,,,,,,,,,,0.3098049211552872,,,,,,,,,,,,0.2219515611634633,,,,,,,,,,,,,,,,,,,0.3098049211552872,,,,,,,,,,,,0.3098049211552872,,0.2455475783466986,,,,,,,,,,,,,,,,,0.3098049211552872,,,,,,,,,,,,,,,,,,,,,,,,,,,,,,,,,,,,,,,,,,,,,,,,,,,,,,,,,,,,,,,,,,,,,,,,,,,,,,,,,0.3098049211552872,,,,0.2611961178042518,,,,,,,,,,,,,,,,,,,,negative
58,,,,,0.0892723044232908,,,,,,,,,,,,,,,,,,,,,0.1864559058871097,,,,0.1864559058871097,,,,,,,,,,,,,0.1864559058871097,,,,0.0644640030226605,,,,,,,0.1864559058871097,,,0.1864559058871097,0.1864559058871097,,0.1864559058871097,,,,0.1864559058871097,,,,0.1864559058871097,,,,,,0.1864559058871097,,,0.1864559058871097,,0.1864559058871097,,,0.0986903685053193,,,,,0.1864559058871097,,,0.1864559058871097,,,0.1864559058871097,,0.1864559058871097,,,,,,,,,,,,0.1400875440185169,,,,,,,,,0.1864559058871097,,,,,,,,,,,,,,,,,,,,,,,,,,,,,,,,,,,,,,,0.1864559058871097,,,,,,,,,,,,,,,,,,,,,,,,,0.1335814138957732,,,,,,,,,,,,,,,,,,0.1864559058871097,,,,,,,0.1185274835505543,,,,,,,,,,0.0781988790832517,,0.1572007267598463,,,,,,,0.1572007267598463,,,,,,,,,,,,,,,,,,,,,,,,,,0.093719182149924,,,,,,,,0.1864559058871097,,,,,0.1864559058871097,,,,,,,,,,,,,,,,,,,,,,,,0.1400875440185169,0.1864559058871097,,,,,,,,,,,,,,,,,,,,,,,,,,,0.1572007267598463,,,,,,,,,,,,,,,,,,0.1864559058871097,,negative
59,,,,,,,,,,,,,,,,,,,,,,,,,,,,,,,,,,,,,,,,,,,,,,,,,,,,,,,,,,,,,,,,,,,,,,,,,,,,,,,,,,,,,,,,0.7071067811865475,,,,,,,,,,,,,,,,,,,,,,,,,,,,,,,,,,,,,,,,,,,,,,,,,,,,,,,,,,,,,0.7071067811865475,,,,,,,,,,,,,,,,,,,,,,,,,,,,,,,,,,,,,,,,,,,,,,,,,,,,,,,,,,,,,,,,,,,,,,,,,,,,,,,,,,,,,,,,,,,,,,,,,,,,,,,,,,,,,,,,,,,,,,,,,,,,,,,,,,,,,,,,,,,,,,,,,,,,,,,,,,,,,,,,,,,,,,,,,,,,,,,,,,,,,,,,,,negative
